song_id,actual,baseline_pred,rf_pred
jb_livinginamericast,303,214.13442317057132,236.03333333333333
queen_thankgoditschristmst,1,137.01806514027712,61.38
aha_huntinghighandlowst,258,103.96819977371284,129.89
toto_waitingforyourlove,1,65.4100290210321,114.41333333333333
maxeen_pleasest,267,214.13442317057132,222.23
jc_heartsonfirest,281,214.13442317057132,205.84666666666666
